{
    "list": [
        {
            "Type": "Iron",
            "Rearity": 0.1,
            "GatheredAmountPerHour": 1.5,
            "Color": {
                "r": 0.5490195751190186,
                "g": 0.5490195751190186,
                "b": 0.5490195751190186,
                "a": 1.0
            }
        },
        {
            "Type": "Copper",
            "Rearity": 0.077,
            "GatheredAmountPerHour": 1.0,
            "Color": {
                "r": 0.917647123336792,
                "g": 0.4470587968826294,
                "b": 0.125490203499794,
                "a": 1.0
            }
        },
        {
            "Type": "Wood",
            "Rearity": 0.085,
            "GatheredAmountPerHour": 3.0,
            "Color": {
                "r": 0.4745098054409027,
                "g": 0.2745097875595093,
                "b": 0.1411765068769455,
                "a": 0.5960785150527954
            }
        }
    ]
}