{
    "list": [
        {
            "Type": "Iron",
            "Rearity": 0.1,
            "GatheredAmountPerHour": 1.5,
            "Color": {
                "r": 0.5490195751190186,
                "g": 0.5490195751190186,
                "b": 0.5490195751190186,
                "a": 1.0
            }
        }
    ]
}